the	ðə	used to refer to a specific person or thing
of	əv	showing a relationship between a part and a whole
and	ænd	used to connect words, phrases, or clauses
to	tuː	used to indicate direction, purpose, or relation
research	ˈriːsɝːtʃ	systematic investigation into a subject
method	ˈmɛθəd	a particular way of doing something
result	ɹɪˈzʌlt	a consequence or outcome
evidence	ˈɛvɪdəns	information supporting a conclusion
significant	sɪɡˈnɪfɪkənt	important or large enough to be noticed
context	ˈkɑːntɛkst	the circumstances surrounding an event or statement

